id,carrera,fecha,retirados
1,Ing. Alimentos,2016-01-01 10:23:54+02,1
2,Ing. Sistemas,2016-02-01 10:23:54+02,2
3,Ing. Civil,2016-03-01 10:23:54+02,3
4,Ing. Quimica,2016-04-01 10:23:54+02,4
5,Ing. Electrica,2016-05-01 10:23:54+02,5
6,Ing. Mecanica,2016-06-01 10:23:54+02,6
7,Ing.Mecanica,2016-07-01 10:23:54+02,7
8,Ing. Industrial,2016-01-01 10:23:54+03,8
9,Ing. Electrica,2016-02-01 10:23:54+03,9
10,Ing. Sistemas,2016-03-01 10:23:54+03,10
11,Ing. Alimentos,2016-04-01 10:23:54+03,10
12,Ing. Sistemas,2016-05-01 10:23:54+03,9
13,Ing. Civil,2016-06-01 10:23:54+03,8
14,Ing. Alimentos,2016-07-01 10:23:54+03,7
15,Ing. Sistemas,2016-01-01 10:23:54+04,6
16,Ing. Civil,2016-02-01 10:23:54+04,5
17,Ing. Quimica,2016-03-01 10:23:54+04,4
18,Ing. Electrica,2016-04-01 10:23:54+04,3
19,Ing. Mecanica,2016-05-01 10:23:54+04,2
20,Ing.Mecanica,2016-06-01 10:23:54+04,1
21,Ing. Industrial,2016-07-01 10:23:54+04,1
22,Ing. Electrica,2016-01-01 10:23:54+05,2
23,Ing. Sistemas,2016-02-01 10:23:54+05,3
24,Ing. Alimentos,2016-03-01 10:23:54+05,4
25,Ing. Sistemas,2016-04-01 10:23:54+05,5
26,Ing. Civil,2016-05-01 10:23:54+05,6
27,Ing. Alimentos,2016-06-01 10:23:54+05,7
28,Ing. Sistemas,2016-07-01 10:23:54+05,8
29,Ing. Civil,2016-01-01 10:23:54+06,9
30,Ing. Quimica,2016-02-01 10:23:54+06,10
31,Ing. Electrica,2016-03-01 10:23:54+06,2
32,Ing. Mecanica,2016-04-01 10:23:54+06,2
33,Ing.Mecanica,2016-05-01 10:23:54+06,2
34,Ing. Industrial,2016-06-01 10:23:54+06,2
35,Ing. Electrica,2016-07-01 10:23:54+06,2
36,Ing. Sistemas,2016-01-01 10:23:54+07,2
37,Ing. Alimentos,2016-02-01 10:23:54+07,2
38,Ing. Sistemas,2016-03-01 10:23:54+07,2
39,Ing. Civil,2016-04-01 10:23:54+07,2
40,Ing. Alimentos,2016-05-01 10:23:54+07,2
41,Ing. Sistemas,2016-06-01 10:23:54+07,2
42,Ing. Civil,2016-07-01 10:23:54+07,2
43,Ing. Quimica,2016-01-01 10:23:54+08,2
44,Ing. Electrica,2016-02-01 10:23:54+08,2
45,Ing. Mecanica,2016-03-01 10:23:54+08,2
46,Ing.Mecanica,2016-04-01 10:23:54+08,2
47,Ing. Industrial,2016-05-01 10:23:54+08,2
48,Ing. Electrica,2016-06-01 10:23:54+08,2
49,Ing. Sistemas,2016-07-01 10:23:54+08,2
50,Ing. Alimentos,2016-01-01 10:23:54+09,2
51,Ing. Sistemas,2016-02-01 10:23:54+09,2
52,Ing. Civil,2016-03-01 10:23:54+09,2
53,Ing. Alimentos,2016-04-01 10:23:54+09,2
54,Ing. Sistemas,2016-05-01 10:23:54+09,2
55,Ing. Civil,2016-06-01 10:23:54+09,2
56,Ing. Quimica,2016-07-01 10:23:54+09,2
57,Ing. Electrica,2016-01-01 10:23:54+10,2
58,Ing. Mecanica,2016-02-01 10:23:54+10,2
59,Ing.Mecanica,2016-03-01 10:23:54+10,2
60,Ing. Industrial,2016-04-01 10:23:54+10,2
61,Ing. Electrica,2016-05-01 10:23:54+10,2
62,Ing. Sistemas,2016-06-01 10:23:54+10,2
63,Ing. Alimentos,2016-07-01 10:23:54+10,2
64,Ing. Sistemas,2016-01-01 10:23:54+11,2
65,Ing. Civil,2016-02-01 10:23:54+11,2
66,Ing. Alimentos,2016-03-01 10:23:54+11,2
67,Ing. Sistemas,2016-04-01 10:23:54+11,2
68,Ing. Civil,2016-05-01 10:23:54+11,2
69,Ing. Quimica,2016-06-01 10:23:54+11,2
70,Ing. Electrica,2016-07-01 10:23:54+11,2
71,Ing. Mecanica,2016-01-01 10:23:54+12,2
72,Ing.Mecanica,2016-02-01 10:23:54+12,2
73,Ing. Industrial,2016-03-01 10:23:54+12,2
74,Ing. Electrica,2016-04-01 10:23:54+12,2
75,Ing. Sistemas,2016-05-01 10:23:54+12,2
76,Ing. Alimentos,2016-06-01 10:23:54+12,2
77,Ing. Sistemas,2016-07-01 10:23:54+12,2
78,Ing. Civil,2016-01-01 10:23:54+13,2
79,Ing. Alimentos,2016-02-01 10:23:54+13,2
80,Ing. Sistemas,2016-03-01 10:23:54+13,2
81,Ing. Civil,2016-04-01 10:23:54+13,2
82,Ing. Quimica,2016-05-01 10:23:54+13,2
83,Ing. Electrica,2016-06-01 10:23:54+13,2
84,Ing. Mecanica,2016-07-01 10:23:54+13,2
85,Ing.Mecanica,2016-01-01 10:23:54+14,2
86,Ing. Industrial,2016-02-01 10:23:54+14,2
87,Ing. Electrica,2016-03-01 10:23:54+14,2
88,Ing. Sistemas,2016-04-01 10:23:54+14,2
89,Ing. Alimentos,2016-05-01 10:23:54+14,2
90,Ing. Sistemas,2016-06-01 10:23:54+14,2
91,Ing. Civil,2016-07-01 10:23:54+14,2
92,Ing. Alimentos,2016-01-01 10:23:54+15,2
93,Ing. Sistemas,2016-02-01 10:23:54+15,2
94,Ing. Civil,2016-03-01 10:23:54+15,2
95,Ing. Quimica,2016-04-01 10:23:54+15,2
96,Ing. Electrica,2016-05-01 10:23:54+15,2
97,Ing. Mecanica,2016-06-01 10:23:54+15,2
98,Ing.Mecanica,2016-07-01 10:23:54+15,2
99,Ing. Industrial,2016-07-01 10:23:54+15,2
100,Ing. Electrica,2016-07-01 10:23:54+15,2
101,Ing. Sistemas,2016-07-01 10:23:54+15,2
102,Ing. Alimentos,2016-07-01 10:23:54+15,2
103,Ing. Sistemas,2016-07-01 10:23:54+15,2
104,Ing. Civil,2016-07-01 10:23:54+15,2
105,Ing. Alimentos,2016-07-01 10:23:54+15,2
106,Ing. Sistemas,2016-07-01 10:23:54+15,2
107,Ing. Civil,2016-07-01 10:23:54+15,2
108,Ing. Quimica,2016-07-01 10:23:54+15,2
109,Ing. Electrica,2016-07-01 10:23:54+15,2
110,Ing. Mecanica,2016-07-01 10:23:54+15,2
111,Ing.Mecanica,2016-07-01 10:23:54+15,2
112,Ing. Industrial,2016-07-01 10:23:54+15,2
113,Ing. Electrica,2016-07-01 10:23:54+15,2
114,Ing. Sistemas,2016-07-01 10:23:54+15,2
115,Ing. Alimentos,2016-07-01 10:23:54+15,2
116,Ing. Sistemas,2016-07-01 10:23:54+15,2
117,Ing. Civil,2016-07-01 10:23:54+15,2
118,Ing. Alimentos,2016-07-01 10:23:54+15,2
119,Ing. Sistemas,2016-07-01 10:23:54+15,2
120,Ing. Civil,2016-07-01 10:23:54+15,2
121,Ing. Quimica,2016-07-01 10:23:54+15,2
122,Ing. Electrica,2016-07-01 10:23:54+15,2
123,Ing. Mecanica,2016-07-01 10:23:54+15,2
124,Ing.Mecanica,2016-07-01 10:23:54+15,2
125,Ing. Industrial,2016-07-01 10:23:54+15,2
126,Ing. Electrica,2016-07-01 10:23:54+15,2
127,Ing. Sistemas,2016-07-01 10:23:54+15,2
128,Ing. Alimentos,2016-07-01 10:23:54+15,2
129,Ing. Sistemas,2016-07-01 10:23:54+15,2
130,Ing. Civil,2016-07-01 10:23:54+15,2
131,Ing. Alimentos,2016-07-01 10:23:54+15,2
132,Ing. Sistemas,2016-07-01 10:23:54+15,2
133,Ing. Civil,2016-07-01 10:23:54+15,2
134,Ing. Quimica,2016-07-01 10:23:54+15,2
135,Ing. Electrica,2016-07-01 10:23:54+15,2
136,Ing. Mecanica,2016-07-01 10:23:54+15,2
137,Ing.Mecanica,2016-07-01 10:23:54+15,2
138,Ing. Industrial,2016-07-01 10:23:54+15,2
139,Ing. Electrica,2016-07-01 10:23:54+15,2
140,Ing. Sistemas,2016-07-01 10:23:54+15,2
141,Ing. Alimentos,2016-07-01 10:23:54+15,2
142,Ing. Sistemas,2016-07-01 10:23:54+15,2
143,Ing. Civil,2016-07-01 10:23:54+15,2
144,Ing. Alimentos,2016-07-01 10:23:54+15,2
145,Ing. Sistemas,2016-07-01 10:23:54+15,2
146,Ing. Civil,2016-07-01 10:23:54+15,2
147,Ing. Quimica,2016-07-01 10:23:54+15,2
148,Ing. Electrica,2016-07-01 10:23:54+15,2
149,Ing. Mecanica,2016-07-01 10:23:54+15,2
150,Ing.Mecanica,2016-07-01 10:23:54+15,2
151,Ing. Industrial,2016-07-01 10:23:54+15,2
152,Ing. Electrica,2016-07-01 10:23:54+15,2
153,Ing. Sistemas,2016-07-01 10:23:54+15,2
154,Ing. Alimentos,2016-07-01 10:23:54+15,2
155,Ing. Sistemas,2016-07-01 10:23:54+15,2
156,Ing. Civil,2016-07-01 10:23:54+15,2
157,Ing. Alimentos,2016-07-01 10:23:54+15,2
158,Ing. Sistemas,2016-07-01 10:23:54+15,2
159,Ing. Civil,2016-07-01 10:23:54+15,2
160,Ing. Quimica,2016-07-01 10:23:54+15,2
161,Ing. Electrica,2016-07-01 10:23:54+15,2
162,Ing. Mecanica,2016-07-01 10:23:54+15,2
163,Ing.Mecanica,2016-07-01 10:23:54+15,2
164,Ing. Industrial,2016-07-01 10:23:54+15,2
165,Ing. Electrica,2016-07-01 10:23:54+15,2
166,Ing. Sistemas,2016-07-01 10:23:54+15,2
167,Ing. Alimentos,2016-07-01 10:23:54+15,2
168,Ing. Sistemas,2016-07-01 10:23:54+15,2
169,Ing. Civil,2016-07-01 10:23:54+15,2
170,Ing. Alimentos,2016-07-01 10:23:54+15,2
171,Ing. Sistemas,2016-07-01 10:23:54+15,2
172,Ing. Civil,2016-07-01 10:23:54+15,2
173,Ing. Quimica,2016-07-01 10:23:54+15,2
174,Ing. Electrica,2016-07-01 10:23:54+15,2
175,Ing. Mecanica,2016-07-01 10:23:54+15,2
176,Ing.Mecanica,2016-07-01 10:23:54+15,2
177,Ing. Industrial,2016-07-01 10:23:54+15,2
178,Ing. Electrica,2016-07-01 10:23:54+15,2
179,Ing. Sistemas,2016-07-01 10:23:54+15,2
180,Ing. Alimentos,2016-07-01 10:23:54+15,2
181,Ing. Sistemas,2016-07-01 10:23:54+15,2
182,Ing. Civil,2016-07-01 10:23:54+15,2
183,Ing. Alimentos,2016-07-01 10:23:54+15,2
184,Ing. Sistemas,2016-07-01 10:23:54+15,2
185,Ing. Civil,2016-07-01 10:23:54+15,2
186,Ing. Quimica,2016-07-01 10:23:54+15,2
187,Ing. Electrica,2016-07-01 10:23:54+15,2
188,Ing. Mecanica,2016-07-01 10:23:54+15,2
189,Ing.Mecanica,2016-07-01 10:23:54+15,2
190,Ing. Industrial,2016-07-01 10:23:54+15,2
191,Ing. Electrica,2016-07-01 10:23:54+15,2
192,Ing. Sistemas,2016-07-01 10:23:54+15,2
193,Ing. Alimentos,2016-07-01 10:23:54+15,2
194,Ing. Sistemas,2016-07-01 10:23:54+15,2
195,Ing. Civil,2016-07-01 10:23:54+15,2
196,Ing. Alimentos,2016-07-01 10:23:54+15,2
197,Ing. Sistemas,2016-07-01 10:23:54+15,2
198,Ing. Civil,2016-07-01 10:23:54+15,2
199,Ing. Quimica,2016-07-01 10:23:54+15,2
200,Ing. Electrica,2016-07-01 10:23:54+15,2
201,Ing. Mecanica,2016-07-01 10:23:54+15,2
202,Ing.Mecanica,2016-07-01 10:23:54+15,2
203,Ing. Industrial,2016-07-01 10:23:54+15,2
204,Ing. Electrica,2016-07-01 10:23:54+15,2
205,Ing. Sistemas,2016-07-01 10:23:54+15,2
206,Ing. Alimentos,2016-07-01 10:23:54+15,2
207,Ing. Sistemas,2016-07-01 10:23:54+15,2
208,Ing. Civil,2016-07-01 10:23:54+15,2
209,Ing. Alimentos,2016-07-01 10:23:54+15,2
210,Ing. Sistemas,2016-07-01 10:23:54+15,2
211,Ing. Civil,2016-07-01 10:23:54+15,2
212,Ing. Quimica,2016-07-01 10:23:54+15,2
213,Ing. Electrica,2016-07-01 10:23:54+15,2
214,Ing. Mecanica,2016-07-01 10:23:54+15,2
215,Ing.Mecanica,2016-07-01 10:23:54+15,2
216,Ing. Industrial,2016-07-01 10:23:54+15,2
217,Ing. Electrica,2016-07-01 10:23:54+15,2
218,Ing. Sistemas,2016-07-01 10:23:54+15,2
219,Ing. Alimentos,2016-07-01 10:23:54+15,2
220,Ing. Sistemas,2016-07-01 10:23:54+15,2
221,Ing. Civil,2016-07-01 10:23:54+15,2
222,Ing. Alimentos,2016-07-01 10:23:54+15,2
223,Ing. Sistemas,2016-07-01 10:23:54+15,2
224,Ing. Civil,2016-07-01 10:23:54+15,2
225,Ing. Quimica,2016-07-01 10:23:54+15,2
226,Ing. Electrica,2016-07-01 10:23:54+15,2
227,Ing. Mecanica,2016-07-01 10:23:54+15,2
228,Ing.Mecanica,2016-07-01 10:23:54+15,2
229,Ing. Industrial,2016-07-01 10:23:54+15,2
230,Ing. Electrica,2016-07-01 10:23:54+15,2
231,Ing. Sistemas,2016-07-01 10:23:54+15,2
232,Ing. Alimentos,2016-07-01 10:23:54+15,2
233,Ing. Sistemas,2016-07-01 10:23:54+15,2
234,Ing. Civil,2016-07-01 10:23:54+15,2
235,Ing. Alimentos,2016-07-01 10:23:54+15,2
236,Ing. Sistemas,2016-07-01 10:23:54+15,2
237,Ing. Civil,2016-07-01 10:23:54+15,2
238,Ing. Quimica,2016-07-01 10:23:54+15,2
239,Ing. Electrica,2016-07-01 10:23:54+15,2
240,Ing. Mecanica,2016-07-01 10:23:54+15,2
241,Ing.Mecanica,2016-07-01 10:23:54+15,2
242,Ing. Industrial,2016-07-01 10:23:54+15,2
243,Ing. Electrica,2016-07-01 10:23:54+15,2
244,Ing. Sistemas,2016-07-01 10:23:54+15,2
245,Ing. Alimentos,2016-07-01 10:23:54+15,2
246,Ing. Sistemas,2016-07-01 10:23:54+15,2
247,Ing. Civil,2016-07-01 10:23:54+15,2
248,Ing. Alimentos,2016-07-01 10:23:54+15,2
249,Ing. Sistemas,2016-07-01 10:23:54+15,2
250,Ing. Civil,2016-07-01 10:23:54+15,2
251,Ing. Quimica,2016-07-01 10:23:54+15,2
252,Ing. Electrica,2016-07-01 10:23:54+15,2
253,Ing. Mecanica,2016-07-01 10:23:54+15,2
254,Ing.Mecanica,2016-07-01 10:23:54+15,2
255,Ing. Industrial,2016-07-01 10:23:54+15,2
256,Ing. Electrica,2016-07-01 10:23:54+15,2
257,Ing. Sistemas,2016-07-01 10:23:54+15,2
258,Ing. Alimentos,2016-07-01 10:23:54+15,2
259,Ing. Sistemas,2016-07-01 10:23:54+15,2
260,Ing. Civil,2016-07-01 10:23:54+15,2
261,Ing. Alimentos,2016-07-01 10:23:54+15,2
262,Ing. Sistemas,2016-07-01 10:23:54+15,3
263,Ing. Civil,2016-07-01 10:23:54+15,3
264,Ing. Quimica,2016-07-01 10:23:54+15,3
265,Ing. Electrica,2016-07-01 10:23:54+15,3
266,Ing. Mecanica,2016-07-01 10:23:54+15,3
267,Ing.Mecanica,2016-07-01 10:23:54+15,3
268,Ing. Industrial,2016-07-01 10:23:54+15,3
269,Ing. Electrica,2016-07-01 10:23:54+15,3
270,Ing. Sistemas,2016-07-01 10:23:54+15,3
271,Ing. Alimentos,2016-07-01 10:23:54+15,3
272,Ing. Sistemas,2016-07-01 10:23:54+15,3
273,Ing. Civil,2016-07-01 10:23:54+15,3
274,Ing. Alimentos,2016-07-01 10:23:54+15,3
275,Ing. Sistemas,2016-07-01 10:23:54+15,3
276,Ing. Civil,2016-07-01 10:23:54+15,3
277,Ing. Quimica,2016-07-01 10:23:54+15,3
278,Ing. Electrica,2016-07-01 10:23:54+15,3
279,Ing. Mecanica,2016-07-01 10:23:54+15,3
280,Ing.Mecanica,2016-07-01 10:23:54+15,3
281,Ing. Industrial,2016-07-01 10:23:54+15,3
282,Ing. Electrica,2016-07-01 10:23:54+15,3
283,Ing. Sistemas,2016-07-01 10:23:54+15,3
284,Ing. Alimentos,2016-07-01 10:23:54+15,3
285,Ing. Sistemas,2016-07-01 10:23:54+15,3
286,Ing. Civil,2016-07-01 10:23:54+15,3
287,Ing. Alimentos,2016-07-01 10:23:54+15,3
288,Ing. Sistemas,2016-07-01 10:23:54+15,3
289,Ing. Civil,2016-07-01 10:23:54+15,3
290,Ing. Quimica,2016-07-01 10:23:54+15,3
291,Ing. Electrica,2016-07-01 10:23:54+15,3
292,Ing. Mecanica,2016-07-01 10:23:54+15,3
293,Ing.Mecanica,2016-07-01 10:23:54+15,3
294,Ing. Industrial,2016-07-01 10:23:54+15,3
295,Ing. Electrica,2016-07-01 10:23:54+15,3
296,Ing. Sistemas,2016-07-01 10:23:54+15,3
297,Ing. Alimentos,2016-07-01 10:23:54+15,3
298,Ing. Sistemas,2016-07-01 10:23:54+15,3
299,Ing. Civil,2016-07-01 10:23:54+15,3
300,Ing. Alimentos,2016-07-01 10:23:54+15,3
301,Ing. Sistemas,2016-07-01 10:23:54+15,3
302,Ing. Civil,2016-07-01 10:23:54+15,3
303,Ing. Quimica,2016-07-01 10:23:54+15,3
304,Ing. Electrica,2016-07-01 10:23:54+15,3
305,Ing. Mecanica,2016-07-01 10:23:54+15,3
306,Ing.Mecanica,2016-07-01 10:23:54+15,3
307,Ing. Industrial,2016-07-01 10:23:54+15,3
308,Ing. Electrica,2016-07-01 10:23:54+15,3
309,Ing. Sistemas,2016-07-01 10:23:54+15,3
310,Ing. Alimentos,2016-07-01 10:23:54+15,3
311,Ing. Sistemas,2016-07-01 10:23:54+15,3
312,Ing. Civil,2016-07-01 10:23:54+15,3
313,Ing. Alimentos,2016-07-01 10:23:54+15,3
314,Ing. Sistemas,2016-07-01 10:23:54+15,3
315,Ing. Civil,2016-07-01 10:23:54+15,3
316,Ing. Quimica,2016-07-01 10:23:54+15,3
317,Ing. Electrica,2016-07-01 10:23:54+15,3
318,Ing. Mecanica,2016-07-01 10:23:54+15,3
319,Ing.Mecanica,2016-07-01 10:23:54+15,3
320,Ing. Industrial,2016-07-01 10:23:54+15,3
321,Ing. Electrica,2016-07-01 10:23:54+15,3
322,Ing. Sistemas,2016-07-01 10:23:54+15,3
323,Ing. Alimentos,2016-07-01 10:23:54+15,3
324,Ing. Sistemas,2016-07-01 10:23:54+15,3
325,Ing. Civil,2016-07-01 10:23:54+15,3
326,Ing. Alimentos,2016-07-01 10:23:54+15,3
327,Ing. Sistemas,2016-07-01 10:23:54+15,3
328,Ing. Civil,2016-07-01 10:23:54+15,3
329,Ing. Quimica,2016-07-01 10:23:54+15,3
330,Ing. Electrica,2016-07-01 10:23:54+15,3
331,Ing. Mecanica,2016-07-01 10:23:54+15,3
332,Ing.Mecanica,2016-07-01 10:23:54+15,3
333,Ing. Industrial,2016-07-01 10:23:54+15,3
334,Ing. Electrica,2016-07-01 10:23:54+15,3
335,Ing. Sistemas,2016-07-01 10:23:54+15,3
336,Ing. Alimentos,2016-07-01 10:23:54+15,3
337,Ing. Sistemas,2016-07-01 10:23:54+15,3
338,Ing. Civil,2016-07-01 10:23:54+15,3
339,Ing. Alimentos,2016-07-01 10:23:54+15,3
340,Ing. Sistemas,2016-07-01 10:23:54+15,3
341,Ing. Civil,2016-07-01 10:23:54+15,3
342,Ing. Quimica,2016-07-01 10:23:54+15,3
343,Ing. Electrica,2016-07-01 10:23:54+15,3
344,Ing. Mecanica,2016-07-01 10:23:54+15,3
345,Ing.Mecanica,2016-07-01 10:23:54+15,3
346,Ing. Industrial,2016-07-01 10:23:54+15,3
347,Ing. Electrica,2016-07-01 10:23:54+15,3
348,Ing. Sistemas,2016-07-01 10:23:54+15,3
349,Ing. Alimentos,2016-07-01 10:23:54+15,3
350,Ing. Sistemas,2016-07-01 10:23:54+15,3
351,Ing. Civil,2016-07-01 10:23:54+15,3
352,Ing. Alimentos,2016-07-01 10:23:54+15,3
353,Ing. Sistemas,2016-07-01 10:23:54+15,3
354,Ing. Civil,2016-07-01 10:23:54+15,3
355,Ing. Quimica,2016-07-01 10:23:54+15,3
356,Ing. Electrica,2016-07-01 10:23:54+15,3
357,Ing. Mecanica,2016-07-01 10:23:54+15,3
358,Ing.Mecanica,2016-07-01 10:23:54+15,3
359,Ing. Industrial,2016-07-01 10:23:54+15,3
360,Ing. Electrica,2016-07-01 10:23:54+15,3
361,Ing. Sistemas,2016-07-01 10:23:54+15,3
362,Ing. Alimentos,2016-07-01 10:23:54+15,3
363,Ing. Sistemas,2016-07-01 10:23:54+15,3
364,Ing. Civil,2016-07-01 10:23:54+15,3
365,Ing. Alimentos,2016-07-01 10:23:54+15,3
366,Ing. Sistemas,2016-07-01 10:23:54+15,3
367,Ing. Civil,2016-07-01 10:23:54+15,3
368,Ing. Quimica,2016-07-01 10:23:54+15,3
369,Ing. Electrica,2016-07-01 10:23:54+15,3
370,Ing. Mecanica,2016-07-01 10:23:54+15,3
371,Ing.Mecanica,2016-07-01 10:23:54+15,3
372,Ing. Industrial,2016-07-01 10:23:54+15,3
373,Ing. Electrica,2016-07-01 10:23:54+15,3
374,Ing. Sistemas,2016-07-01 10:23:54+15,3
375,Ing. Alimentos,2016-07-01 10:23:54+15,3
376,Ing. Sistemas,2016-07-01 10:23:54+15,4
377,Ing. Civil,2016-07-01 10:23:54+15,4
378,Ing. Alimentos,2016-07-01 10:23:54+15,4
379,Ing. Sistemas,2016-07-01 10:23:54+15,4
380,Ing. Civil,2016-07-01 10:23:54+15,4
381,Ing. Quimica,2016-07-01 10:23:54+15,4
382,Ing. Electrica,2016-07-01 10:23:54+15,4
383,Ing. Mecanica,2016-07-01 10:23:54+15,4
384,Ing.Mecanica,2016-07-01 10:23:54+15,5
385,Ing. Industrial,2016-07-01 10:23:54+15,5
386,Ing. Electrica,2016-07-01 10:23:54+15,5
387,Ing. Sistemas,2016-07-01 10:23:54+15,5
388,Ing. Alimentos,2016-07-01 10:23:54+15,5
389,Ing. Sistemas,2016-07-01 10:23:54+15,5
390,Ing. Civil,2016-07-01 10:23:54+15,5
391,Ing. Alimentos,2016-07-01 10:23:54+15,5
392,Ing. Sistemas,2016-07-01 10:23:54+15,5
393,Ing. Civil,2016-07-01 10:23:54+15,5
394,Ing. Quimica,2016-07-01 10:23:54+15,5
395,Ing. Electrica,2016-07-01 10:23:54+15,5
396,Ing. Mecanica,2016-07-01 10:23:54+15,5
397,Ing.Mecanica,2016-07-01 10:23:54+15,5
398,Ing. Industrial,2016-07-01 10:23:54+15,5
399,Ing. Electrica,2016-07-01 10:23:54+15,5
400,Ing. Sistemas,2016-07-01 10:23:54+15,5
401,Ing. Alimentos,2016-07-01 10:23:54+15,5
402,Ing. Sistemas,2016-07-01 10:23:54+15,5
403,Ing. Civil,2016-07-01 10:23:54+15,5
404,Ing. Alimentos,2016-07-01 10:23:54+15,5
405,Ing. Sistemas,2016-07-01 10:23:54+15,5
406,Ing. Civil,2016-07-01 10:23:54+15,5
407,Ing. Quimica,2016-07-01 10:23:54+15,5
408,Ing. Electrica,2016-07-01 10:23:54+15,5
409,Ing. Mecanica,2016-07-01 10:23:54+15,5
410,Ing.Mecanica,2016-07-01 10:23:54+15,5
411,Ing. Industrial,2016-07-01 10:23:54+15,5
412,Ing. Electrica,2016-07-01 10:23:54+15,5
413,Ing. Sistemas,2016-07-01 10:23:54+15,5
414,Ing. Alimentos,2016-07-01 10:23:54+15,5
415,Ing. Sistemas,2016-07-01 10:23:54+15,5
416,Ing. Civil,2016-07-01 10:23:54+15,5
417,Ing. Alimentos,2016-07-01 10:23:54+15,5
418,Ing. Sistemas,2016-07-01 10:23:54+15,5
419,Ing. Civil,2016-07-01 10:23:54+15,5
420,Ing. Quimica,2016-07-01 10:23:54+15,5
421,Ing. Electrica,2016-07-01 10:23:54+15,5
422,Ing. Mecanica,2016-07-01 10:23:54+15,5
423,Ing.Mecanica,2016-07-01 10:23:54+15,5
424,Ing. Industrial,2016-07-01 10:23:54+15,5
425,Ing. Electrica,2016-07-01 10:23:54+15,5
426,Ing. Sistemas,2016-07-01 10:23:54+15,5
427,Ing. Alimentos,2016-07-01 10:23:54+15,5
428,Ing. Sistemas,2016-07-01 10:23:54+15,5
429,Ing. Civil,2016-07-01 10:23:54+15,5
430,Ing. Alimentos,2016-07-01 10:23:54+15,5
431,Ing. Sistemas,2016-07-01 10:23:54+15,5
432,Ing. Civil,2016-07-01 10:23:54+15,5
433,Ing. Quimica,2016-07-01 10:23:54+15,5
434,Ing. Electrica,2016-07-01 10:23:54+15,5
435,Ing. Mecanica,2016-07-01 10:23:54+15,5
436,Ing.Mecanica,2016-07-01 10:23:54+15,5
437,Ing. Industrial,2016-07-01 10:23:54+15,5
438,Ing. Electrica,2016-07-01 10:23:54+15,5
439,Ing. Sistemas,2016-07-01 10:23:54+15,5
440,Ing. Alimentos,2016-07-01 10:23:54+15,5
441,Ing. Sistemas,2016-07-01 10:23:54+15,5
442,Ing. Civil,2016-07-01 10:23:54+15,5
443,Ing. Alimentos,2016-07-01 10:23:54+15,5
444,Ing. Sistemas,2016-07-01 10:23:54+15,5
445,Ing. Civil,2016-07-01 10:23:54+15,5
446,Ing. Quimica,2016-07-01 10:23:54+15,5
447,Ing. Electrica,2016-07-01 10:23:54+15,5
448,Ing. Mecanica,2016-07-01 10:23:54+15,5
449,Ing.Mecanica,2016-07-01 10:23:54+15,5
450,Ing. Industrial,2016-07-01 10:23:54+15,5
451,Ing. Electrica,2016-07-01 10:23:54+15,5
452,Ing. Sistemas,2016-07-01 10:23:54+15,5
453,Ing. Alimentos,2016-07-01 10:23:54+15,5
454,Ing. Sistemas,2016-07-01 10:23:54+15,5
455,Ing. Civil,2016-07-01 10:23:54+15,5
456,Ing. Alimentos,2016-07-01 10:23:54+15,5
457,Ing. Sistemas,2016-07-01 10:23:54+15,5
458,Ing. Civil,2016-07-01 10:23:54+15,5
459,Ing. Quimica,2016-07-01 10:23:54+15,5
460,Ing. Electrica,2016-07-01 10:23:54+15,5
461,Ing. Mecanica,2016-07-01 10:23:54+15,5
462,Ing.Mecanica,2016-07-01 10:23:54+15,5
463,Ing. Industrial,2016-07-01 10:23:54+15,5
464,Ing. Electrica,2016-07-01 10:23:54+15,5
465,Ing. Sistemas,2016-07-01 10:23:54+15,5
466,Ing. Alimentos,2016-07-01 10:23:54+15,5
467,Ing. Sistemas,2016-07-01 10:23:54+15,6
468,Ing. Civil,2016-07-01 10:23:54+15,6
469,Ing. Alimentos,2016-07-01 10:23:54+15,6
470,Ing. Sistemas,2016-07-01 10:23:54+15,6
471,Ing. Civil,2016-07-01 10:23:54+15,6
472,Ing. Quimica,2016-07-01 10:23:54+15,6
473,Ing. Electrica,2016-07-01 10:23:54+15,6
474,Ing. Mecanica,2016-07-01 10:23:54+15,6
475,Ing.Mecanica,2016-07-01 10:23:54+15,6
476,Ing. Industrial,2016-07-01 10:23:54+15,6
477,Ing. Electrica,2016-07-01 10:23:54+15,6
478,Ing. Sistemas,2016-07-01 10:23:54+15,7
479,Ing. Alimentos,2016-07-01 10:23:54+15,7
480,Ing. Sistemas,2016-07-01 10:23:54+15,7
481,Ing. Civil,2016-07-01 10:23:54+15,7
482,Ing. Alimentos,2016-07-01 10:23:54+15,7
483,Ing. Sistemas,2016-07-01 10:23:54+15,7
484,Ing. Civil,2016-07-01 10:23:54+15,7
485,Ing. Quimica,2016-07-01 10:23:54+15,7
486,Ing. Electrica,2016-07-01 10:23:54+15,7
487,Ing. Mecanica,2016-07-01 10:23:54+15,7
488,Ing.Mecanica,2016-07-01 10:23:54+15,7
489,Ing. Industrial,2016-07-01 10:23:54+15,7
490,Ing. Electrica,2016-07-01 10:23:54+15,7
491,Ing. Sistemas,2016-07-01 10:23:54+15,7
492,Ing. Alimentos,2016-07-01 10:23:54+15,7
493,Ing. Sistemas,2016-07-01 10:23:54+15,7
494,Ing. Civil,2016-07-01 10:23:54+15,7
495,Ing. Alimentos,2016-07-01 10:23:54+15,7
496,Ing. Sistemas,2016-07-01 10:23:54+15,7
497,Ing. Civil,2016-07-01 10:23:54+15,7
498,Ing. Quimica,2016-07-01 10:23:54+15,7
499,Ing. Electrica,2016-07-01 10:23:54+15,7
500,Ing. Mecanica,2016-07-01 10:23:54+15,7
501,Ing.Mecanica,2016-07-01 10:23:54+15,7
502,Ing. Industrial,2016-07-01 10:23:54+15,7
503,Ing. Electrica,2016-07-01 10:23:54+15,7
504,Ing. Sistemas,2016-07-01 10:23:54+15,7
505,Ing. Alimentos,2016-07-01 10:23:54+15,7
506,Ing. Sistemas,2016-07-01 10:23:54+15,7
507,Ing. Civil,2016-07-01 10:23:54+15,7
508,Ing. Alimentos,2016-07-01 10:23:54+15,7
509,Ing. Sistemas,2016-07-01 10:23:54+15,7
510,Ing. Civil,2016-07-01 10:23:54+15,7
511,Ing. Quimica,2016-07-01 10:23:54+15,7
512,Ing. Electrica,2016-07-01 10:23:54+15,7
513,Ing. Mecanica,2016-07-01 10:23:54+15,7
514,Ing.Mecanica,2016-07-01 10:23:54+15,7
515,Ing. Industrial,2016-07-01 10:23:54+15,7
516,Ing. Electrica,2016-07-01 10:23:54+15,7
517,Ing. Sistemas,2016-07-01 10:23:54+15,7
518,Ing. Alimentos,2016-07-01 10:23:54+15,7
519,Ing. Sistemas,2016-07-01 10:23:54+15,7
520,Ing. Civil,2016-07-01 10:23:54+15,7
521,Ing. Alimentos,2016-07-01 10:23:54+15,7
522,Ing. Sistemas,2016-07-01 10:23:54+15,7
523,Ing. Civil,2016-07-01 10:23:54+15,7
524,Ing. Quimica,2016-07-01 10:23:54+15,7
525,Ing. Electrica,2016-07-01 10:23:54+15,7
526,Ing. Mecanica,2016-07-01 10:23:54+15,7
527,Ing.Mecanica,2016-07-01 10:23:54+15,7
528,Ing. Industrial,2016-07-01 10:23:54+15,7
529,Ing. Electrica,2016-07-01 10:23:54+15,7
530,Ing. Sistemas,2016-07-01 10:23:54+15,7
531,Ing. Alimentos,2016-07-01 10:23:54+15,7
532,Ing. Sistemas,2016-07-01 10:23:54+15,7
533,Ing. Civil,2016-07-01 10:23:54+15,7
534,Ing. Alimentos,2016-07-01 10:23:54+15,8
535,Ing. Sistemas,2016-07-01 10:23:54+15,8
536,Ing. Civil,2016-07-01 10:23:54+15,8
537,Ing. Quimica,2016-07-01 10:23:54+15,8
538,Ing. Electrica,2016-07-01 10:23:54+15,8
539,Ing. Mecanica,2016-07-01 10:23:54+15,8
540,Ing.Mecanica,2016-07-01 10:23:54+15,8
541,Ing. Industrial,2016-07-01 10:23:54+15,8
542,Ing. Electrica,2016-07-01 10:23:54+15,8
543,Ing. Sistemas,2016-07-01 10:23:54+15,8
544,Ing. Alimentos,2016-07-01 10:23:54+15,8
545,Ing. Sistemas,2016-07-01 10:23:54+15,8
546,Ing. Civil,2016-07-01 10:23:54+15,8
547,Ing. Alimentos,2016-07-01 10:23:54+15,8
548,Ing. Sistemas,2016-07-01 10:23:54+15,8
549,Ing. Civil,2016-07-01 10:23:54+15,8
550,Ing. Quimica,2016-07-01 10:23:54+15,8
551,Ing. Electrica,2016-07-01 10:23:54+15,8
552,Ing. Mecanica,2016-07-01 10:23:54+15,8
553,Ing.Mecanica,2016-07-01 10:23:54+15,8
554,Ing. Industrial,2016-07-01 10:23:54+15,8
555,Ing. Electrica,2016-07-01 10:23:54+15,8
556,Ing. Sistemas,2016-07-01 10:23:54+15,8
557,Ing. Alimentos,2016-07-01 10:23:54+15,8
558,Ing. Sistemas,2016-07-01 10:23:54+15,8
559,Ing. Civil,2016-07-01 10:23:54+15,8
560,Ing. Alimentos,2016-07-01 10:23:54+15,8
561,Ing. Sistemas,2016-07-01 10:23:54+15,8
562,Ing. Civil,2016-07-01 10:23:54+15,8
563,Ing. Quimica,2016-07-01 10:23:54+15,8
564,Ing. Electrica,2016-07-01 10:23:54+15,8
565,Ing. Mecanica,2016-07-01 10:23:54+15,8
566,Ing.Mecanica,2016-07-01 10:23:54+15,8
567,Ing. Industrial,2016-07-01 10:23:54+15,8
568,Ing. Electrica,2016-07-01 10:23:54+15,8
569,Ing. Sistemas,2016-07-01 10:23:54+15,8
570,Ing. Alimentos,2016-07-01 10:23:54+15,8
571,Ing. Sistemas,2016-07-01 10:23:54+15,8
572,Ing. Civil,2016-07-01 10:23:54+15,8
573,Ing. Alimentos,2016-07-01 10:23:54+15,8
574,Ing. Sistemas,2016-07-01 10:23:54+15,8
575,Ing. Civil,2016-07-01 10:23:54+15,8
576,Ing. Quimica,2016-07-01 10:23:54+15,8
577,Ing. Electrica,2016-07-01 10:23:54+15,8
578,Ing. Mecanica,2016-07-01 10:23:54+15,8
579,Ing.Mecanica,2016-07-01 10:23:54+15,8
580,Ing. Industrial,2016-07-01 10:23:54+15,8
581,Ing. Electrica,2016-07-01 10:23:54+15,8
582,Ing. Sistemas,2016-07-01 10:23:54+15,8
583,Ing. Alimentos,2016-07-01 10:23:54+15,8
584,Ing. Sistemas,2016-07-01 10:23:54+15,8
585,Ing. Civil,2016-07-01 10:23:54+15,8
586,Ing. Alimentos,2016-07-01 10:23:54+15,8
587,Ing. Sistemas,2016-07-01 10:23:54+15,8
588,Ing. Civil,2016-07-01 10:23:54+15,8
589,Ing. Quimica,2016-07-01 10:23:54+15,8
590,Ing. Electrica,2016-07-01 10:23:54+15,8
591,Ing. Mecanica,2016-07-01 10:23:54+15,8
592,Ing.Mecanica,2016-07-01 10:23:54+15,8
593,Ing. Industrial,2016-07-01 10:23:54+15,8
594,Ing. Electrica,2016-07-01 10:23:54+15,8
595,Ing. Sistemas,2016-07-01 10:23:54+15,8
596,Ing. Alimentos,2016-07-01 10:23:54+15,8
597,Ing. Sistemas,2016-07-01 10:23:54+15,8
598,Ing. Civil,2016-07-01 10:23:54+15,8
599,Ing. Alimentos,2016-07-01 10:23:54+15,8
600,Ing. Sistemas,2016-07-01 10:23:54+15,8
601,Ing. Civil,2016-07-01 10:23:54+15,8
602,Ing. Quimica,2016-07-01 10:23:54+15,8
603,Ing. Electrica,2016-07-01 10:23:54+15,8
604,Ing. Mecanica,2016-07-01 10:23:54+15,8
605,Ing.Mecanica,2016-07-01 10:23:54+15,8
606,Ing. Industrial,2016-07-01 10:23:54+15,8
607,Ing. Electrica,2016-07-01 10:23:54+15,8
608,Ing. Sistemas,2016-07-01 10:23:54+15,8
609,Ing. Alimentos,2016-07-01 10:23:54+15,8
610,Ing. Sistemas,2016-07-01 10:23:54+15,8
611,Ing. Civil,2016-07-01 10:23:54+15,8
612,Ing. Alimentos,2016-07-01 10:23:54+15,8
613,Ing. Sistemas,2016-07-01 10:23:54+15,8
614,Ing. Civil,2016-07-01 10:23:54+15,8
615,Ing. Quimica,2016-07-01 10:23:54+15,8
616,Ing. Electrica,2016-07-01 10:23:54+15,8
617,Ing. Mecanica,2016-07-01 10:23:54+15,8
618,Ing.Mecanica,2016-07-01 10:23:54+15,8
619,Ing. Industrial,2016-07-01 10:23:54+15,8
620,Ing. Electrica,2016-07-01 10:23:54+15,8
621,Ing. Sistemas,2016-07-01 10:23:54+15,8
622,Ing. Alimentos,2016-07-01 10:23:54+15,8
623,Ing. Sistemas,2016-07-01 10:23:54+15,8
624,Ing. Civil,2016-07-01 10:23:54+15,8
625,Ing. Alimentos,2016-07-01 10:23:54+15,8
626,Ing. Sistemas,2016-07-01 10:23:54+15,8
627,Ing. Civil,2016-07-01 10:23:54+15,8
628,Ing. Quimica,2016-07-01 10:23:54+15,8
629,Ing. Electrica,2016-07-01 10:23:54+15,8
630,Ing. Mecanica,2016-07-01 10:23:54+15,8
631,Ing.Mecanica,2016-07-01 10:23:54+15,8
632,Ing. Industrial,2016-07-01 10:23:54+15,8
633,Ing. Electrica,2016-07-01 10:23:54+15,9
634,Ing. Sistemas,2016-07-01 10:23:54+15,9
635,Ing. Alimentos,2016-07-01 10:23:54+15,9
636,Ing. Sistemas,2016-07-01 10:23:54+15,9
637,Ing. Civil,2016-07-01 10:23:54+15,9
638,Ing. Alimentos,2016-07-01 10:23:54+15,9
639,Ing. Sistemas,2016-07-01 10:23:54+15,9
640,Ing. Civil,2016-07-01 10:23:54+15,9
641,Ing. Quimica,2016-07-01 10:23:54+15,9
642,Ing. Electrica,2016-07-01 10:23:54+15,9
643,Ing. Mecanica,2016-07-01 10:23:54+15,9
644,Ing.Mecanica,2016-07-01 10:23:54+15,9
645,Ing. Industrial,2016-07-01 10:23:54+15,9
646,Ing. Electrica,2016-07-01 10:23:54+15,9
647,Ing. Sistemas,2016-07-01 10:23:54+15,9
648,Ing. Alimentos,2016-07-01 10:23:54+15,9
649,Ing. Sistemas,2016-07-01 10:23:54+15,9
650,Ing. Civil,2016-07-01 10:23:54+15,9
651,Ing. Alimentos,2016-07-01 10:23:54+15,9
652,Ing. Sistemas,2016-07-01 10:23:54+15,9
653,Ing. Civil,2016-07-01 10:23:54+15,9
654,Ing. Quimica,2016-07-01 10:23:54+15,9
655,Ing. Electrica,2016-07-01 10:23:54+15,9
656,Ing. Mecanica,2016-07-01 10:23:54+15,9
657,Ing.Mecanica,2016-07-01 10:23:54+15,9
658,Ing. Industrial,2016-07-01 10:23:54+15,9
659,Ing. Electrica,2016-07-01 10:23:54+15,9
660,Ing. Sistemas,2016-07-01 10:23:54+15,9
661,Ing. Alimentos,2016-07-01 10:23:54+15,9
662,Ing. Sistemas,2016-07-01 10:23:54+15,9
663,Ing. Civil,2016-07-01 10:23:54+15,9
664,Ing. Alimentos,2016-07-01 10:23:54+15,9
665,Ing. Sistemas,2016-07-01 10:23:54+15,9
666,Ing. Civil,2016-07-01 10:23:54+15,9
667,Ing. Quimica,2016-07-01 10:23:54+15,9
668,Ing. Electrica,2016-07-01 10:23:54+15,9
669,Ing. Mecanica,2016-07-01 10:23:54+15,9
670,Ing.Mecanica,2016-07-01 10:23:54+15,9
671,Ing. Industrial,2016-07-01 10:23:54+15,9
672,Ing. Electrica,2016-07-01 10:23:54+15,9
673,Ing. Sistemas,2016-07-01 10:23:54+15,9
674,Ing. Alimentos,2016-07-01 10:23:54+15,9
675,Ing. Sistemas,2016-07-01 10:23:54+15,9
676,Ing. Civil,2016-07-01 10:23:54+15,9
677,Ing. Alimentos,2016-07-01 10:23:54+15,9
678,Ing. Sistemas,2016-07-01 10:23:54+15,9
679,Ing. Civil,2016-07-01 10:23:54+15,9
680,Ing. Quimica,2016-07-01 10:23:54+15,9
681,Ing. Electrica,2016-07-01 10:23:54+15,9
682,Ing. Mecanica,2016-07-01 10:23:54+15,9
683,Ing.Mecanica,2016-07-01 10:23:54+15,9
684,Ing. Industrial,2016-07-01 10:23:54+15,10
685,Ing. Electrica,2016-07-01 10:23:54+15,10
686,Ing. Sistemas,2016-07-01 10:23:54+15,10
687,Ing. Alimentos,2016-07-01 10:23:54+15,10
688,Ing. Sistemas,2016-07-01 10:23:54+15,10
689,Ing. Civil,2016-07-01 10:23:54+15,10
690,Ing. Alimentos,2016-07-01 10:23:54+15,10
691,Ing. Sistemas,2016-07-01 10:23:54+15,10
692,Ing. Civil,2016-07-01 10:23:54+15,10
693,Ing. Quimica,2016-07-01 10:23:54+15,10
694,Ing. Electrica,2016-07-01 10:23:54+15,10
695,Ing. Mecanica,2016-07-01 10:23:54+15,10
696,Ing.Mecanica,2016-07-01 10:23:54+15,10
697,Ing. Industrial,2016-07-01 10:23:54+15,10
698,Ing. Electrica,2016-07-01 10:23:54+15,10
699,Ing. Sistemas,2016-07-01 10:23:54+15,10
700,Ing. Alimentos,2016-07-01 10:23:54+15,10
701,Ing. Sistemas,2016-07-01 10:23:54+15,10
702,Ing. Civil,2016-07-01 10:23:54+15,10
703,Ing. Alimentos,2016-07-01 10:23:54+15,10
704,Ing. Sistemas,2016-07-01 10:23:54+15,10
705,Ing. Civil,2016-07-01 10:23:54+15,10
706,Ing. Quimica,2016-07-01 10:23:54+15,10
707,Ing. Electrica,2016-07-01 10:23:54+15,10
708,Ing. Mecanica,2016-07-01 10:23:54+15,10
709,Ing.Mecanica,2016-07-01 10:23:54+15,10
710,Ing. Industrial,2016-07-01 10:23:54+15,10
711,Ing. Electrica,2016-07-01 10:23:54+15,10
712,Ing. Sistemas,2016-07-01 10:23:54+15,10
713,Ing. Alimentos,2016-07-01 10:23:54+15,10
714,Ing. Sistemas,2016-07-01 10:23:54+15,10
715,Ing. Civil,2016-07-01 10:23:54+15,10
716,Ing. Alimentos,2016-07-01 10:23:54+15,10
717,Ing. Sistemas,2016-07-01 10:23:54+15,10
718,Ing. Civil,2016-07-01 10:23:54+15,10
719,Ing. Quimica,2016-07-01 10:23:54+15,10
720,Ing. Electrica,2016-07-01 10:23:54+15,10
721,Ing. Mecanica,2016-07-01 10:23:54+15,10
722,Ing.Mecanica,2016-07-01 10:23:54+15,10
723,Ing. Industrial,2016-07-01 10:23:54+15,10
724,Ing. Electrica,2016-07-01 10:23:54+15,10
725,Ing. Sistemas,2016-07-01 10:23:54+15,10
726,Ing. Alimentos,2016-07-01 10:23:54+15,10
727,Ing. Sistemas,2016-07-01 10:23:54+15,10
728,Ing. Civil,2016-07-01 10:23:54+15,10
729,Ing. Alimentos,2016-07-01 10:23:54+15,10
730,Ing. Sistemas,2016-07-01 10:23:54+15,10
731,Ing. Civil,2016-07-01 10:23:54+15,10
732,Ing. Quimica,2016-07-01 10:23:54+15,10
733,Ing. Electrica,2016-07-01 10:23:54+15,10
734,Ing. Mecanica,2016-07-01 10:23:54+15,10
735,Ing.Mecanica,2016-07-01 10:23:54+15,10
736,Ing. Industrial,2016-07-01 10:23:54+15,10
737,Ing. Electrica,2016-07-01 10:23:54+15,10
738,Ing. Sistemas,2016-07-01 10:23:54+15,10
739,Ing. Alimentos,2016-07-01 10:23:54+15,10
740,Ing. Sistemas,2016-07-01 10:23:54+15,10
741,Ing. Civil,2016-07-01 10:23:54+15,10
742,Ing. Alimentos,2016-07-01 10:23:54+15,10
743,Ing. Sistemas,2016-07-01 10:23:54+15,10
744,Ing. Civil,2016-07-01 10:23:54+15,10
745,Ing. Quimica,2016-07-01 10:23:54+15,10
746,Ing. Electrica,2016-07-01 10:23:54+15,10
747,Ing. Mecanica,2016-07-01 10:23:54+15,10
748,Ing.Mecanica,2016-07-01 10:23:54+15,10
749,Ing. Industrial,2016-07-01 10:23:54+15,10
750,Ing. Electrica,2016-07-01 10:23:54+15,10
751,Ing. Sistemas,2016-07-01 10:23:54+15,10
752,Ing. Alimentos,2016-07-01 10:23:54+15,10
753,Ing. Sistemas,2016-07-01 10:23:54+15,10
754,Ing. Civil,2016-07-01 10:23:54+15,10
755,Ing. Alimentos,2016-07-01 10:23:54+15,10
756,Ing. Sistemas,2016-07-01 10:23:54+15,10
757,Ing. Civil,2016-07-01 10:23:54+15,10
758,Ing. Quimica,2016-07-01 10:23:54+15,10
759,Ing. Electrica,2016-07-01 10:23:54+15,10
760,Ing. Mecanica,2016-07-01 10:23:54+15,10
761,Ing.Mecanica,2016-07-01 10:23:54+15,10
762,Ing. Industrial,2016-07-01 10:23:54+15,10
763,Ing. Electrica,2016-07-01 10:23:54+15,10
764,Ing. Sistemas,2016-07-01 10:23:54+15,10
765,Ing. Alimentos,2016-07-01 10:23:54+15,10
766,Ing. Sistemas,2016-07-01 10:23:54+15,10
767,Ing. Civil,2016-07-01 10:23:54+15,10
768,Ing. Alimentos,2016-07-01 10:23:54+15,10
769,Ing. Sistemas,2016-07-01 10:23:54+15,10
770,Ing. Civil,2016-07-01 10:23:54+15,10
771,Ing. Quimica,2016-07-01 10:23:54+15,10
772,Ing. Electrica,2016-07-01 10:23:54+15,10
773,Ing. Mecanica,2016-07-01 10:23:54+15,10
774,Ing.Mecanica,2016-07-01 10:23:54+15,10
775,Ing. Industrial,2016-07-01 10:23:54+15,10
776,Ing. Electrica,2016-07-01 10:23:54+15,10
777,Ing. Sistemas,2016-07-01 10:23:54+15,10
778,Ing. Alimentos,2016-07-01 10:23:54+15,10
779,Ing. Sistemas,2016-07-01 10:23:54+15,10
780,Ing. Civil,2016-07-01 10:23:54+15,10
781,Ing. Alimentos,2016-07-01 10:23:54+15,10
782,Ing. Sistemas,2016-07-01 10:23:54+15,10
783,Ing. Civil,2016-07-01 10:23:54+15,10
784,Ing. Quimica,2016-07-01 10:23:54+15,10
785,Ing. Electrica,2016-07-01 10:23:54+15,10
786,Ing. Mecanica,2016-07-01 10:23:54+15,10
787,Ing.Mecanica,2016-07-01 10:23:54+15,10
788,Ing. Industrial,2016-07-01 10:23:54+15,10
789,Ing. Electrica,2016-07-01 10:23:54+15,10
790,Ing. Sistemas,2016-07-01 10:23:54+15,10
791,Ing. Alimentos,2016-07-01 10:23:54+15,10
792,Ing. Sistemas,2016-07-01 10:23:54+15,10
793,Ing. Civil,2016-07-01 10:23:54+15,10
794,Ing. Alimentos,2016-07-01 10:23:54+15,10
795,Ing. Sistemas,2016-07-01 10:23:54+15,10
796,Ing. Civil,2016-07-01 10:23:54+15,10
797,Ing. Quimica,2016-07-01 10:23:54+15,10
798,Ing. Electrica,2016-07-01 10:23:54+15,10
799,Ing. Mecanica,2016-07-01 10:23:54+15,10
800,Ing.Mecanica,2016-07-01 10:23:54+15,10
801,Ing. Industrial,2016-07-01 10:23:54+15,10
802,Ing. Electrica,2016-07-01 10:23:54+15,10
803,Ing. Sistemas,2016-07-01 10:23:54+15,10
804,Ing. Alimentos,2016-07-01 10:23:54+15,10
805,Ing. Sistemas,2016-07-01 10:23:54+15,10
806,Ing. Civil,2016-07-01 10:23:54+15,10
807,Ing. Alimentos,2016-07-01 10:23:54+15,1
808,Ing. Sistemas,2016-07-01 10:23:54+15,2
809,Ing. Civil,2016-07-01 10:23:54+15,3
810,Ing. Quimica,2016-07-01 10:23:54+15,4
811,Ing. Electrica,2016-07-01 10:23:54+15,5
812,Ing. Mecanica,2016-07-01 10:23:54+15,6
813,Ing.Mecanica,2016-07-01 10:23:54+15,7
814,Ing. Industrial,2016-07-01 10:23:54+15,8
815,Ing. Electrica,2016-07-01 10:23:54+15,9
816,Ing. Sistemas,2016-07-01 10:23:54+15,10
817,Ing. Alimentos,2016-07-01 10:23:54+15,11
818,Ing. Sistemas,2016-07-01 10:23:54+15,12
819,Ing. Civil,2016-07-01 10:23:54+15,13
820,Ing. Alimentos,2016-07-01 10:23:54+15,14
821,Ing. Sistemas,2016-07-01 10:23:54+15,15
822,Ing. Civil,2016-07-01 10:23:54+15,16
823,Ing. Quimica,2016-07-01 10:23:54+15,17
824,Ing. Electrica,2016-07-01 10:23:54+15,18
825,Ing. Mecanica,2016-07-01 10:23:54+15,19
826,Ing.Mecanica,2016-07-01 10:23:54+15,20
827,Ing. Industrial,2016-07-01 10:23:54+15,21
828,Ing. Electrica,2016-07-01 10:23:54+15,22
829,Ing. Sistemas,2016-07-01 10:23:54+15,23
830,Ing. Alimentos,2016-07-01 10:23:54+15,24
831,Ing. Sistemas,2016-07-01 10:23:54+15,25
832,Ing. Civil,2016-07-01 10:23:54+15,26
833,Ing. Alimentos,2016-07-01 10:23:54+15,27
834,Ing. Sistemas,2016-07-01 10:23:54+15,28
835,Ing. Civil,2016-07-01 10:23:54+15,29
836,Ing. Quimica,2016-07-01 10:23:54+15,30
837,Ing. Electrica,2016-07-01 10:23:54+15,31
838,Ing. Mecanica,2016-07-01 10:23:54+15,32
839,Ing.Mecanica,2016-07-01 10:23:54+15,33
840,Ing. Industrial,2016-07-01 10:23:54+15,34
841,Ing. Electrica,2016-07-01 10:23:54+15,35
842,Ing. Sistemas,2016-07-01 10:23:54+15,36
843,Ing. Alimentos,2016-07-01 10:23:54+15,37
844,Ing. Sistemas,2016-07-01 10:23:54+15,38
845,Ing. Civil,2016-07-01 10:23:54+15,39
846,Ing. Alimentos,2016-07-01 10:23:54+15,40
847,Ing. Sistemas,2016-07-01 10:23:54+15,41
848,Ing. Civil,2016-07-01 10:23:54+15,42
849,Ing. Quimica,2016-07-01 10:23:54+15,43
850,Ing. Electrica,2016-07-01 10:23:54+15,44
851,Ing. Mecanica,2016-07-01 10:23:54+15,45
852,Ing.Mecanica,2016-07-01 10:23:54+15,46
853,Ing. Industrial,2016-07-01 10:23:54+15,47
854,Ing. Electrica,2016-07-01 10:23:54+15,48
855,Ing. Sistemas,2016-07-01 10:23:54+15,49
856,Ing. Alimentos,2016-07-01 10:23:54+15,50
857,Ing. Sistemas,2016-07-01 10:23:54+15,51
858,Ing. Civil,2016-07-01 10:23:54+15,52
859,Ing. Alimentos,2016-07-01 10:23:54+15,53
860,Ing. Sistemas,2016-07-01 10:23:54+15,54
861,Ing. Civil,2016-07-01 10:23:54+15,55
862,Ing. Quimica,2016-07-01 10:23:54+15,56
863,Ing. Electrica,2016-07-01 10:23:54+15,57
864,Ing. Mecanica,2016-07-01 10:23:54+15,58
865,Ing.Mecanica,2016-07-01 10:23:54+15,59
866,Ing. Industrial,2016-07-01 10:23:54+15,60
867,Ing. Electrica,2016-07-01 10:23:54+15,61
868,Ing. Sistemas,2016-07-01 10:23:54+15,62
869,Ing. Alimentos,2016-07-01 10:23:54+15,63
870,Ing. Sistemas,2016-07-01 10:23:54+15,64
871,Ing. Civil,2016-07-01 10:23:54+15,65
872,Ing. Alimentos,2016-07-01 10:23:54+15,66
873,Ing. Sistemas,2016-07-01 10:23:54+15,67
874,Ing. Civil,2016-07-01 10:23:54+15,68
875,Ing. Quimica,2016-07-01 10:23:54+15,69
876,Ing. Electrica,2016-07-01 10:23:54+15,70
877,Ing. Mecanica,2016-07-01 10:23:54+15,71
878,Ing.Mecanica,2016-07-01 10:23:54+15,72
879,Ing. Industrial,2016-07-01 10:23:54+15,73
880,Ing. Electrica,2016-07-01 10:23:54+15,74
881,Ing. Sistemas,2016-07-01 10:23:54+15,75
882,Ing. Alimentos,2016-07-01 10:23:54+15,76
883,Ing. Sistemas,2016-07-01 10:23:54+15,77
884,Ing. Civil,2016-07-01 10:23:54+15,78
885,Ing. Alimentos,2016-07-01 10:23:54+15,79
886,Ing. Sistemas,2016-07-01 10:23:54+15,80
887,Ing. Civil,2016-07-01 10:23:54+15,81
888,Ing. Quimica,2016-07-01 10:23:54+15,82
889,Ing. Electrica,2016-07-01 10:23:54+15,83
890,Ing. Mecanica,2016-07-01 10:23:54+15,84
891,Ing.Mecanica,2016-07-01 10:23:54+15,85
892,Ing. Industrial,2016-07-01 10:23:54+15,86
893,Ing. Electrica,2016-07-01 10:23:54+15,87
894,Ing. Sistemas,2016-07-01 10:23:54+15,88
895,Ing. Alimentos,2016-07-01 10:23:54+15,89
896,Ing. Sistemas,2016-07-01 10:23:54+15,90
897,Ing. Civil,2016-07-01 10:23:54+15,91
898,Ing. Alimentos,2016-07-01 10:23:54+15,92
899,Ing. Sistemas,2016-07-01 10:23:54+15,93
900,Ing. Civil,2016-07-01 10:23:54+15,94
901,Ing. Quimica,2016-07-01 10:23:54+15,95
902,Ing. Electrica,2016-07-01 10:23:54+15,96
903,Ing. Mecanica,2016-07-01 10:23:54+15,97
904,Ing.Mecanica,2016-07-01 10:23:54+15,98
905,Ing. Industrial,2016-07-01 10:23:54+15,99
906,Ing. Electrica,2016-07-01 10:23:54+15,100
907,Ing. Sistemas,2016-07-01 10:23:54+15,101
908,Ing. Alimentos,2016-07-01 10:23:54+15,102
909,Ing. Sistemas,2016-07-01 10:23:54+15,103
910,Ing. Civil,2016-07-01 10:23:54+15,104
911,Ing. Alimentos,2016-07-01 10:23:54+15,105
912,Ing. Sistemas,2016-07-01 10:23:54+15,106
913,Ing. Civil,2016-07-01 10:23:54+15,107
914,Ing. Quimica,2016-07-01 10:23:54+15,108
915,Ing. Electrica,2016-07-01 10:23:54+15,109
916,Ing. Mecanica,2016-07-01 10:23:54+15,110
917,Ing.Mecanica,2016-07-01 10:23:54+15,111
918,Ing. Industrial,2016-07-01 10:23:54+15,112
919,Ing. Electrica,2016-07-01 10:23:54+15,113
920,Ing. Sistemas,2016-07-01 10:23:54+15,114
921,Ing. Alimentos,2016-07-01 10:23:54+15,115
922,Ing. Sistemas,2016-07-01 10:23:54+15,116
923,Ing. Civil,2016-07-01 10:23:54+15,117
924,Ing. Alimentos,2016-07-01 10:23:54+15,118
925,Ing. Sistemas,2016-07-01 10:23:54+15,119
926,Ing. Civil,2016-07-01 10:23:54+15,120
927,Ing. Quimica,2016-07-01 10:23:54+15,121
928,Ing. Electrica,2016-07-01 10:23:54+15,122
929,Ing. Mecanica,2016-07-01 10:23:54+15,123
930,Ing.Mecanica,2016-07-01 10:23:54+15,124
931,Ing. Industrial,2016-07-01 10:23:54+15,125
932,Ing. Electrica,2016-07-01 10:23:54+15,126
933,Ing. Sistemas,2016-07-01 10:23:54+15,127
934,Ing. Alimentos,2016-07-01 10:23:54+15,128
935,Ing. Sistemas,2016-07-01 10:23:54+15,129
936,Ing. Civil,2016-07-01 10:23:54+15,130
937,Ing. Alimentos,2016-07-01 10:23:54+15,131
938,Ing. Sistemas,2016-07-01 10:23:54+15,132
939,Ing. Civil,2016-07-01 10:23:54+15,133
940,Ing. Quimica,2016-07-01 10:23:54+15,134
941,Ing. Electrica,2016-07-01 10:23:54+15,135
942,Ing. Mecanica,2016-07-01 10:23:54+15,136
943,Ing.Mecanica,2016-07-01 10:23:54+15,137
944,Ing. Industrial,2016-07-01 10:23:54+15,138
945,Ing. Electrica,2016-07-01 10:23:54+15,139
946,Ing. Sistemas,2016-07-01 10:23:54+15,140
947,Ing. Alimentos,2016-07-01 10:23:54+15,141
948,Ing. Sistemas,2016-07-01 10:23:54+15,142
949,Ing. Civil,2016-07-01 10:23:54+15,143
950,Ing. Alimentos,2016-07-01 10:23:54+15,144
951,Ing. Sistemas,2016-07-01 10:23:54+15,145
952,Ing. Civil,2016-07-01 10:23:54+15,146
953,Ing. Quimica,2016-07-01 10:23:54+15,147
954,Ing. Electrica,2016-07-01 10:23:54+15,148
955,Ing. Mecanica,2016-07-01 10:23:54+15,149
956,Ing.Mecanica,2016-07-01 10:23:54+15,150
957,Ing. Industrial,2016-07-01 10:23:54+15,151
958,Ing. Electrica,2016-07-01 10:23:54+15,152
959,Ing. Sistemas,2016-07-01 10:23:54+15,153
960,Ing. Alimentos,2016-07-01 10:23:54+15,154
961,Ing. Sistemas,2016-07-01 10:23:54+15,155
962,Ing. Civil,2016-07-01 10:23:54+15,156
963,Ing. Alimentos,2016-07-01 10:23:54+15,157
964,Ing. Sistemas,2016-07-01 10:23:54+15,158
965,Ing. Civil,2016-07-01 10:23:54+15,159
966,Ing. Quimica,2016-07-01 10:23:54+15,160
967,Ing. Electrica,2016-07-01 10:23:54+15,161
968,Ing. Mecanica,2016-07-01 10:23:54+15,162
969,Ing.Mecanica,2016-07-01 10:23:54+15,163
970,Ing. Industrial,2016-07-01 10:23:54+15,164
971,Ing. Electrica,2016-07-01 10:23:54+15,165
972,Ing. Sistemas,2016-07-01 10:23:54+15,166
973,Ing. Alimentos,2016-07-01 10:23:54+15,167
974,Ing. Sistemas,2016-07-01 10:23:54+15,168
975,Ing. Civil,2016-07-01 10:23:54+15,169
976,Ing. Alimentos,2016-07-01 10:23:54+15,170
977,Ing. Sistemas,2016-07-01 10:23:54+15,171
978,Ing. Civil,2016-07-01 10:23:54+15,172
979,Ing. Quimica,2016-07-01 10:23:54+15,173
980,Ing. Electrica,2016-07-01 10:23:54+15,174
981,Ing. Mecanica,2016-07-01 10:23:54+15,175
982,Ing.Mecanica,2016-07-01 10:23:54+15,176
983,Ing. Industrial,2016-07-01 10:23:54+15,177
984,Ing. Electrica,2016-07-01 10:23:54+15,178
985,Ing. Sistemas,2016-07-01 10:23:54+15,179
986,Ing. Alimentos,2016-07-01 10:23:54+15,180
987,Ing. Sistemas,2016-07-01 10:23:54+15,181
988,Ing. Civil,2016-07-01 10:23:54+15,182
989,Ing. Alimentos,2016-07-01 10:23:54+15,183
990,Ing. Sistemas,2016-07-01 10:23:54+15,184
991,Ing. Civil,2016-07-01 10:23:54+15,185
992,Ing. Quimica,2016-07-01 10:23:54+15,186
993,Ing. Electrica,2016-07-01 10:23:54+15,187
994,Ing. Mecanica,2016-07-01 10:23:54+15,188
995,Ing.Mecanica,2016-07-01 10:23:54+15,189
996,Ing. Industrial,2016-07-01 10:23:54+15,190
997,Ing. Electrica,2016-07-01 10:23:54+15,191
998,Ing. Sistemas,2016-07-01 10:23:54+15,192
999,Ing. Alimentos,2016-07-01 10:23:54+15,193
1000,Ing. Sistemas,2016-07-01 10:23:54+15,194
1001,Ing. Civil,2016-07-01 10:23:54+15,195
1002,Ing. Alimentos,2016-07-01 10:23:54+15,196
1003,Ing. Sistemas,2016-07-01 10:23:54+15,197
1004,Ing. Civil,2016-07-01 10:23:54+15,198
1005,Ing. Quimica,2016-07-01 10:23:54+15,199
1006,Ing. Electrica,2016-07-01 10:23:54+15,200
1007,Ing. Mecanica,2016-07-01 10:23:54+15,201
1008,Ing.Mecanica,2016-07-01 10:23:54+15,202
1009,Ing. Industrial,2016-07-01 10:23:54+15,203
1010,Ing. Electrica,2016-07-01 10:23:54+15,204
1011,Ing. Sistemas,2016-07-01 10:23:54+15,205
1012,Ing. Alimentos,2016-07-01 10:23:54+15,206
1013,Ing. Sistemas,2016-07-01 10:23:54+15,207
1014,Ing. Civil,2016-07-01 10:23:54+15,208
1015,Ing. Alimentos,2016-07-01 10:23:54+15,209
1016,Ing. Sistemas,2016-07-01 10:23:54+15,210
1017,Ing. Civil,2016-07-01 10:23:54+15,211
1018,Ing. Quimica,2016-07-01 10:23:54+15,212
1019,Ing. Electrica,2016-07-01 10:23:54+15,213
1020,Ing. Mecanica,2016-07-01 10:23:54+15,214
1021,Ing.Mecanica,2016-07-01 10:23:54+15,215
1022,Ing. Industrial,2016-07-01 10:23:54+15,216
1023,Ing. Electrica,2017-01-02 10:23:54+15,217
